course,ISBN,title,author
AHIS-102,9780495573562,"Gardner's Art Through the Ages: The Western Perspective",Fred S. Kleiner
AHIS-103,9780131830639,A History of Far Eastern Art,Sherman E. Lee
AHIS-207,9780520255692,The Arts of China,Michael Sullivan
AHIS-223,9780131929708,"Snyder's Medieval Art","Henry Luttikhuizen, Dorothy Verkerk"
AHIS-282,978-0520052567,Theories of Modern Art: A Source Book by Artists and Critics,Herschel B. Chipp
AHIS-282,9780131895652,Modern Art,"Sam Hunter, Daniel Wheeler, John M. Jacobus"
AHIS-292,9780870703812,History of Photography: From 1839 to the Present,Beaumont Newhall
AMST-203,9780717803682,"The Rebel Girl: An Autobiography - My First Life,1906-1926",Elizabeth G. Flynn
AMST-203,9780743460606,Darkwater: The Givens Collection,W. E. B. Du Bois
AMST-203,9781478622048,Violence in the West: The Johnson County Range War and the Ludlow Massacre,Marilynn Johnson
AMST-203,9780989822404,A Shoeleather History of the Wobblies,Steve Thornton
AMST-285,9780143037200,The Unknown American Revolution: The Unruly Birth of Democracy and the Struggle to Create America,Gary B. Nash
AMST-285,9780674045958,The Civil War and the Limits of Destruction,Mark E. Neely Jr.
AMST-285,9781451662467,The King Years: Historic Moments in the Civil Rights Movement,Taylor Branch
AMST-285,9781595587084,"1877: America's Year of Living Violently",Michael Bellesiles
AMST-285,9780674284098,"Lincoln's Hundred Days: The Emancipation Proclamation and the War for the Union",Louis P. Masur
AMST-301,9780451529831,"Ragged Dick: Or,Street Life in New York with the Boot Blacks","Horatio Alger Jr., Michael Meyer"
AMST-301,9780486264738,Bartleby and Benito Cereno,Herman Melville
AMST-301,9780486270609,Young Goodman Brown and Other Short Stories,Nathaniel Hawthorne
AMST-301,9780486284958,"Walden; or,Life in the Woods",Henry David Thoreau
AMST-301,9780395927205,Interpreter of Maladies,Jhumpa Lahiri
AMST-301,9780199536559,Adventures of Huckleberry Finn,Mark Twain
AMST-301,9780199538034,"Uncle Tom's Cabin",Harriet Beecher Stowe
AMST-301,9780486780436,American Indian Stories and Old Indian Legends,Zitkala-Ša
AMST-336,9780801482922,"Race Against Empire: Black Americans and Anticolonialism,1937 1957",Penny M. Von Eschen
AMST-336,9780809016280,"Barbarian Virtues: The United States Encounters Foreign Peoples at Home and Abroad,1876-1917",Matthew Frye Jacobson
AMST-336,9780199283279,A Brief History of Neoliberalism,David Harvey
AMST-336,9781595583420,"The Darker Nations: A People's History of the Third World",Vijay Prashad
AMST-336,9781844678761,The Communist Manifesto: A Modern Edition,Friedrich Engels
AMST-336,9781781681442,The Age Of Globalization: Anarchists and the Anti-Colonial Imagination,Benedict Anderson
AMST-341,9781400032716,The Curious Incident of the Dog in the Night-Time,Mark Haddon
AMST-341,9781400033614,72 Hour Hold,Bebe Moore Campbell
AMST-341,9781416549017,Born On A Blue Day: Inside the Extraordinary Mind of an Autistic Savant,Daniel Tammet
AMST-341,9780307474841,Precious,Sapphire
AMST-341,9780307740915,Home,Toni Morrison
AMST-341,9780743236720,"Far From the Tree: Parents,Children and the Search for Identity",Andrew Solomon
AMST-341,9780762779253,I Am Intelligent: From Heartbreak to Healing,"Peyton Goddard, Dianne Goddard, Robert Friedman"
AMST-409,9780684863115,Visions of Technology: A Century of Vital Debate About Machines Systems and the Human World,Richard Rhodes
AMST-409,9780814719831,The Body Electric: How Strange Machines Built the Modern American,Carolyn Thomas de la Pena
AMST-409,9780820450070,Culture and Technology: A Primer,"Jennifer Daryl Slack, J. Macgregor Wise"
AMST-409,9780763662622,Feed,M.T. Anderson
AMST-421,9780801850967,"Silent Travelers: Germs,Genes,and the Immigrant Menace",Alan M. Kraut
AMST-421,9780807847985,Hazards of the Job: From Industrial Disease to Environmental Health Science,Christopher C. Sellers
AMST-421,9780465089871,The Health of the Country: How American Settlers Understood Themselves and Their Land,Conevery Bolton Valencius
AMST-421,9780520248878,"Inescapable Ecologies: A History of Environment,Disease,and Knowledge",Linda Nash
AMST-421,9780520251670,Orange Empire: California and the Fruits of Eden,Douglas Cazaux Sackman
AMST-428,9780674076273,Black Jacks: African American Seamen in the Age of Sail,W. Jeffrey Bolster
AMST-428,9780801484377,"Disowning Slavery: Gradual Emancipation and 'Race' in New England,1780 1860",Joanne Pope Melish
AMST-428,9781400079360,From Midnight to Dawn: The Last Tracks of the Underground Railroad,Jacqueline L. Tobin
AMST-428,9780691150352,Ten Hills Farm: The Forgotten History of Slavery in the North,C.S. Manegold
AMST-428,9780143123989,The Amistad Rebellion: An Atlantic Odyssey of Slavery and Freedom,Marcus Rediker
AMST-435,9780761991069,Exhibit Labels: An Interpretive Approach,Beverly Serrell
AMST-435,9781405173810,Museum Studies: An Anthology of Contexts,Bettina Messias Carbonell (Editor)
AMST-435,9780759122703,Manual of Museum Exhibitions,"Barry Lord, Maria Piacente (Editors)"
AMST-439,9780812218190,The Organization Man: The Book That Defined a Generation,William H. Whyte
AMST-439,9780195168921,"The American People in the Great Depression,Part 1",David M. Kennedy
AMST-439,9780195168938,"The American People in World War II: Freedom from Fear,Part Two",David M. Kennedy
AMST-439,9780521715355,Making a New Deal,Lizabeth Cohen
AMST-439,9780465010202,Homeward Bound: American Families in the Cold War Era,Elaine Tyler May
AMST-439,9780807006238,Notes of a Native Son,James Baldwin
AMST-439,9780691048703,Many Are the Crimes: McCarthyism in America,Ellen Schrecker
AMST-458,9780307388445,The Paranoid Style in American Politics,Richard Hofstadter
AMST-821,9780801850967,"Silent Travelers: Germs, Genes, and the Immigrant Menace",Alan M. Kraut
AMST-821,9780807847985,Hazards of the Job: From Industrial Disease to Environmental Health Science,Christopher C. Sellers
AMST-821,9780465089871,The Health of the Country: How American Settlers Understood Themselves and Their Land,Conevery Bolton Valencius
AMST-821,9780520248878,"Inescapable Ecologies: A History of Environment, Disease, and Knowledge",Linda Nash
AMST-821,9780520251670,Orange Empire: California and the Fruits of Eden,Douglas Cazaux Sackman
AMST-828,9780674076273,Black Jacks: African American Seamen in the Age of Sail,W. Jeffrey Bolster
AMST-828,9780801484377,"Disowning Slavery: Gradual Emancipation and 'Race' in New England,1780 1860",Joanne Pope Melish
AMST-828,9781400079360,From Midnight to Dawn: The Last Tracks of the Underground Railroad,Jacqueline L. Tobin
AMST-828,9780691150352,Ten Hills Farm: The Forgotten History of Slavery in the North,C.S. Manegold
AMST-828,9780143123989,The Amistad Rebellion: An Atlantic Odyssey of Slavery and Freedom,Marcus Rediker
AMST-835,9780761991069,Exhibit Labels: An Interpretive Approach,Beverly Serrell
AMST-835,9781405173810,Museum Studies: An Anthology of Contexts,Bettina Messias Carbonell (Editor)
AMST-835,9780759122703,Manual of Museum Exhibitions,"Barry Lord, Maria Piacente (Editors)"
AMST-839,9780140186406,The Grapes of Wrath,John Steinbeck
AMST-839,9780812218190,The Organization Man: The Book That Defined a Generation,William H. Whyte
AMST-839,9780195168921,"The American People in the Great Depression,Part 1",David M. Kennedy
AMST-839,9780195168938,"The American People in World War II: Freedom from Fear,Part Two",David M. Kennedy
AMST-839,9780521715355,Making a New Deal,Lizabeth Cohen
AMST-839,9780465010202,Homeward Bound: American Families in the Cold War Era,Elaine Tyler May
AMST-839,9780807006238,Notes of a Native Son,James Baldwin
AMST-839,9780691048703,Many Are the Crimes: McCarthyism in America,Ellen Schrecker
AMST-858,9780307388445,The Paranoid Style in American Politics,Richard Hofstadter
ANTH-101,9780671640996,The Forest People,Colin M. Turnbull
ANTH-101,9780143037477,My Freshman Year: What a Professor Learned by Becoming a Student,Rebekah Nathan
ANTH-228,9780807871652,"Isma'ili Modern: Globalization and Identity in a Muslim Community",Jonah Steinberg
ANTH-228,9789745241381,Himalayan Pilgrimage: A Study of Tibetan Religion by a Traveller Through Western Nepal,David Snellgrove
ANTH-245,9781577665212,Ethnomedicine,Pamela I. Erickson
ANTH-245,9780195310276,The Practice of International Health: A Case-Based Orientation,Daniel Perlman (Editor)
ANTH-245,9780691126579,When Experiments Travel: Clinical Trials and the Global Search for Human Subjects,Adriana Petryna
ANTH-245,9780813546681,Your Pocket Is What Cures You: The Politics of Health in Senegal,Ellen E. Foley
ANTH-245,9781577667735,The Obesity Epidemic in North America: Connecting Biology and Culture,Anna Bellisari
ANTH-250,9780226745640,Republic of Drivers: A Cultural History of Automobility in America,Cotten Seiler
ANTH-250,9780745656106,Sustainability,Leslie Paul Thiele
ANTH-250,9781621060031,Bikenomics: How Bicycling Can Save the Economy,Elly Blue
ANTH-250,9781782383758,"Vehicles: Cars,Canoes,and Other Metaphors of Moral Ambivalence",David Lipset
ANTH-302,9781405187756,Foundations of Anthropological Theory: From Classical Antiquity to Early Modern Europe,Robert Launay (Editor)
ANTH-302,9780078034886,Anthropological Theory: An Introductory History,"R. Jon McGee, Richard Warms"
ANTH-308,9780933452954,Senses of Place,Steven Feld
ANTH-308,9780631228783,The Anthropology of Space and Place: Locating Culture,"Setha M. Low , Denise Lawrence-Zunigais (Editors)"
ANTH-308,9780375725173,"Bayou Farewell: The Rich Life and Tragic Death of Louisiana's Cajun Coast",Mike Tidwell
ANTH-308,9781405106726,Place: A Short Introduction,Tim Cresswell
ANTH-308,9780295987491,Being and Place Among the Tlingit,Thomas F. Thornton
ARAB-101,9781589016347,Answer Key for Alif Baa: Introduction to Arabic Letters and Sounds,"Kristen Brustad, Mahmoud Al-Batal, Abbas Al-Tonsi"
ARAB-101,9781589017382,Answer Key for Al-Kitaab Fii Tacallum Al-Carabiyya: A Textbook for Beginning Arabic,"Kristen Brustad,Mahmoud Al-Batal,Abbas Al-Tonsi"
ARAB-101,9781589016323,Alif Baa: Introduction to Arabic Letters and Sounds,"Kristen Brustad, Mahmoud Al-Batal, Abbas Al-Tonsi"
ARAB-101,9781589017368,"Al-Kitaab Fii Tacallum Al-carabiyya/A Textbook For Beginning Arabic,Part 1","Kristen Brustad, Mahmoud Al-Batal, Abbas Al-Tonsi"
ARAB-301,9781589019621,"Al-Kitaab Fii Ta Callum Al-Carabiyya: A Textbook for Intermediate Arabic,Part Two","Kristen Brustad, Mahmoud Al-Batal, Abbas Al-Tonsi"
BIOL-182,9780321558237,Campbell Biology,"Jane B. Reece, Neil A. Campbell, Lisa A. Urry,Michael L. Cain, Steven A. Wasserman, Peter V. Minorsky, Robert B. Jackson"
BIOL-182,9780205075072,A Short Guide to Writing about Biology,Jan A. Pechenik
BIOL-215,9781429219617,Raven Biology of Plants,"Ray F. Evert, Susan E. Eichhorn"
BIOL-224,9781449635961,Genetics: Analysis of Genes and Genomes,"Daniel L. Hartl, Maryellen Ruvolo"
BIOL-224,9781449644703,Student Solutions Manual And Supplemental Problems To Accompany Genetics: Analysis Of Genes And Genomes,"Daniel L. Hartl, Maryellen Ruvolo"
BIOL-317,9781429229364,Biochemistry,"Jeremy M. Berg,John L. Tymoczko,Lubert Stryer"
BIOL-333,9780073532493,Ecology: Concepts and Applications,Manuel Molles
CHEM-111,9780840065322,Chemistry: An Atoms First Approach,Steven S. Zumdahl
CHEM-211,9780199270293,Organic Chemistry,"Jonathan Clayden, Nick Greeves,Stuart Warren"
CHEM-309,9780486632773,Understanding Thermodynamics,H.C. Van Ness
CHEM-309,9780618123414,Physical Chemistry,Keith J. Laidler
CHEM-311,9781429218153,Quantitative Chemical Analysis,Daniel C. Harris
CHEM-311,9781429231237,Solution Manual for Quantitative Chemical Analysis,Daniel C. Harris
CHEM-311,9781464139215,Quantitative Chemical Analysis,Daniel C. Harris
CHEM-313,9780321811059,Inorganic Chemistry,"Gary L Miessler, Paul J Fischer, Donald A Tarr"
CHEM-404,9780471761136,Bioinorganic Chemistry: A Short Course,Rosette M. Roat-Malone
CHIN-101,9780887276484,"Integrated Chinese Level 1,Part 1 Character Workbook",Tao-Chung Yao
CHIN-101,9780887276385,"Integrated Chinese Level 1,Part 1 Textbook: Simplified Characters",Tao-Chung Yao
CHIN-101,9780887276408,"Integrated Chinese Level 1,Part 1 Workbook: Simplified Characters",Tao-Chung Yao
CHIN-101,9780071627368,"McGraw-Hill's Chinese Pronunciation",ABC Live
CHIN-201,9780887276705,"Integrated Chinese: Textbook Simplified Characters,Level 1,Part 2","Yuehua Liu, Daozhong Yao"
CHIN-201,9780887276743,Integrated Chinese = [Zhong Wen Ting Shuo Du Xie],Tao-Chung Yao
CHIN-201,9780887276767,"Integrated Chinese: Level 1,Part 2 Character Workbook",Tao-Chung Yao
CHIN-237,9780231138413,The Columbia Anthology of Modern Chinese Literature,"Joseph S.M. Lau, Howard Goldblatt (Editors)"
CHIN-301,9780300104707,Tell It Like it Is!,Jianqi Wang
CLCV-224,9780872203907,Oresteia,Aeschylus
CLCV-224,9781416592259,Medea,Euripides
CLCV-224,9781444349863,Sexuality in Greek and Roman Culture,Marilyn B. Skinner
CLCV-239,9781405116848,Big Screen Rome,Monica Silveira Cyrino
COLL-215,9780385495387,The Big Con: The Story of the Confidence Man,David W. Maurer
COLL-215,9780742519183,The Cultural Study of Work,Douglas Harper
COLL-215,9780385094023,The Presentation of Self in Everyday Life,Erving Goffman
COLL-215,9780226978130,Out of the Pits: Traders and Technology from Chicago to London,Caitlin Zaloom
COLL-215,9780822345992,Liquidated: An Ethnography of Wall Street,Karen Ho
CPSC-225,9780321777027,Fundamentals of ActionScript 3.0: Develop and Design,Doug Winnie
CPSC-225,9781430239932,Foundation Game Design with ActionScript 3.0,Rex van der Spuy
CPSC-225,9780321927859,Adobe Flash Professional CC Classroom in a Book,Adobe Creative Team
CPSC-275,9780136108047,"Computer Systems: A Programmer's Perspective",Randal E. Bryant
CPSC-320,9780321295354,Algorithm Design,"Jon Kleinberg, Éva Tardos"
CTYP-101,9780415492324,Urban Geography,"Tim Hall, Heather Barrett"
CTYP-101,9780307474377,The Great Inversion and the Future of the American City,Alan Ehrenhalt
CTYP-101,9781118632802,Cities in Relations: Trajectories of Urban Development in Hanoi and Ouagadougou,Ola Söderström
CTYP-201,9780073379296,Buildings Across Time: An Introduction to World Architecture,Michael W Fazio
ECON-101,9780132949330,"Economics: Principles, Applications, and Tools","Arthur O'Sullivan, Steven M. Sheffrin, Stephen Perez"
ECON-103,9780133251036,Introduction to Financial Accounting,Charles T. Horngren
ECON-109,9780078020544,Essentials of Business Statistics: Communicating with Numbers,"Sanjiv Jaggia, Alison Kelly"
ECON-209,9780073511474,Urban Economics,"Arthur O'Sullivan"
ECON-227,9780324323597,Elements of Forecasting,Francis X. Diebold
ECON-231,9780742553538,The Puzzle of Latin American Economic Development,Patrice M. Franko
ECON-301,9780716759751,Microeconomics,"Austan Goolsbee, Steven D. Levitt,Chad Syverson"
ECON-302,9780133061635,Macroeconomics,"Olivier J. Blanchard, David W. Johnson"
ECON-306,9781429278454,Public Finance and Public Policy,Jonathan Gruber
ECON-309,9780136089438,Corporate Finance,"Jonathan Berk, Peter DeMarzo"
ECON-309,9780393340747,A Random Walk Down Wall Street: The Time-Tested Strategy for Successful Investing,Burton G. Malkiel
ECON-312,9780070109100,Fundamental Methods of Mathematical Economics,"Alpha C. Chiang, Kevin Wainwright"
ECON-315,9780133423648,International Economics: Theory and Policy,"Paul Krugman, Maurice Obstfeld, Marc Melitz"
ECON-317,9780393934359,Economics of Development,"Dwight H. Perkins, Steven Radelet, David L. Lindauer, Steven A. Block"
ECON-318,9780131367739,Using Econometrics: A Practical Guide,A.H. Studenmund
ECON-321,9780137037414,American Economic History,"Jonathan Hughes, Louis P. Cain"
ECON-324,9780691142166,This Time Is Different: Eight Centuries of Financial Folly Hardcover,"Carmen M. Reinhart, Kenneth Rogoff"
ECON-324,9780307459695,"In FED We Trust: Ben Bernanke's War on the Great Panic",David Wessel
ECON-324,9780470976111,"Bust: Greece,the Euro and the Sovereign Debt Crisis",Matthew Lynn
ECON-326,9780691003955,Game Theory for Applied Economists,Robert Gibbons
ENGL-105,9780440180296,Slaughterhouse-Five,Kurt Vonnegut
ENGL-105,9780393966404,Adventures of Huckleberry Finn,Mark Twain
ENGL-105,9781285080000,"The Concise Heath Anthology of American Literature,Volume 2: 1865 to the Present",Paul Lauter
ENGL-110,9780140423464,The Penguin Book of Renaissance Verse: 1509-1659,"David Norbrook, H.R. Woudhuysen"
ENGL-110,9780393320978,Beowulf: A New Verse Translation,Seamus Heaney
ENGL-110,9780393976588,Sir Gawain and the Green Knight / Patience / Pearl,Marie Borroff
ENGL-110,9780872207332,Paradise Lost,John Milton
ENGL-110,9780199537310,The Alchemist and Other Plays,Ben Jonson
ENGL-110,9780312542542,A Pocket Style Manual Spiral-bound,"Diana Hacker, Nancy Sommers"
ENGL-110,9780393341782,The Selected Canterbury Tales,Geoffrey Chaucer
ENGL-220,9780393970128,Dracula,Bram Stoker
ENGL-220,9780393975420,Jane Eyre,Charlotte Brontë
ENGL-220,9781551113579,"Lady Audley's Secret",Mary Elizabeth Braddon
ENGL-220,9780199535989,The Picture of Dorian Gray,Oscar Wilde
ENGL-220,9780205655267,"The Longman Anthology of British Literature, Volume 2B: The Victorian Age","David Damrosch, Kevin J. H. Dettmar, Heather Henderson, William Chapman Sharpe (Editors)"
ENGL-220,9781551119311,Bleak House,Charles Dickens
ENGL-250,9780395850862,Rules for the Dance: A Handbook for Writing and Reading Metrical Verse,Mary Oliver
ENGL-250,9780393321784,The Making of a Poem: A Norton Anthology of Poetic Forms,"Eavan Boland, Mark Strand"
ENGL-250,9781611680355,"The Book of Forms: A Handbook of Poetics,Including Odd and Invented Forms",Lewis Putnam Turco
ENGL-260,9780312461881,The Bedford Glossary of Critical and Literary Terms,"Ross C. Murfin, Supryia M. Ray"
ENGL-260,9780199535880,The Tragedy of King Richard III,William Shakespeare
ENGL-260,9780393927931,Frankenstein,Mary Shelley
ENGL-260,9780312463199,"Poems, Poets, Poetry: An Introduction and Anthology",Helen Vendler
ENGL-260,9780312542542,A Pocket Style Manual,"Diana Hacker, Nancy Sommers"
ENGL-260,9781457604751,40 Short Stories: A Portable Anthology,Beverly Lawn
ENGL-260,9780140434040,"Dr. Wortle's School",Anthony Trollope
ENGL-260,9780140714913,Titus Andronicus,William Shakespeare
ENGL-260,9780140439885,Oroonoko,Aphra Behn
ENGL-260,9780495898023,A Glossary of Literary Terms,"M.H. Abrams, Geoffrey Galt Harpham"
ENGL-260,9780451526762,Twelfth Night,William Shakespeare
ENGL-260,9780374525811,Birthday Letters,Ted Hughes
ENGL-260,9780060732608,Ariel,Sylvia Plath
ENGL-260,9780451531384,A Room With a View,E. M. Forster
ENGL-260,9780312542542,A Pocket Style Manual,"Diana Hacker, Nancy Sommers"
ENGL-260,9780226065663,The Craft of Research,"Wayne C. Booth, Gregory G. Colomb, Joseph M. Williams"
ENGL-265,9780073535104,Film Art: An Introduction,"David Bordwell, Kristin Thompson"
ENGL-270,9780393316544,"The Poet's Companion: A Guide to the Pleasures of Writing Poetry","Kim Addonizio, Dorianne Laux"
ENGL-270,9780618082346,Writing in General and the Short Story in Particular,L. Rust Hills
ENGL-270,9780061661587,The Ecco Anthology of Contemporary American Short Fiction,"Joyce Carol Oates, Christopher R. Beha (Editors)"
ENGL-270,9780312676025,The Practice of Creative Writing: A Guide for Student,Heather Sellers
ENGL-270,9780156007627,The Discovery of Poetry: A Field Guide to Reading and Writing Poems,Frances Mayes
ENGL-270,9781590171912,The Stray Dog Cabaret: A Book of Russian Poems,Paul Schmidt
ENGL-270,9780452295292,City of Thieves,David Benioff
ENGL-270,9780321923165,Writing Fiction: A Guide to Narrative Craft,"Janet Burroway, Elizabeth Stuckey-French, Ned Stuckey-French"
ENGL-321,9780803253681,The Virtuoso,Thomas Shadwell
ENGL-321,9780451527714,Frankenstein: Or the Modern Prometheus,Mary Shelley
ENGL-321,9780375758461,The Advancement of Learning,Francis Bacon
ENGL-321,9780141439822,Robinson Crusoe,Daniel Defoe
ENGL-321,9780141439495,"Gulliver's Travels",Jonathan Swift
ENGL-321,9780141441238,Caleb Williams,William Godwin
ENGL-321,9780226042640,Curiosity: A Cultural History of Early Modern Inquiry,Barbara M. Benedict
ENGL-321,9781933633442,"Rasselas, Prince of Abyssinia",Samuel Johnson
ENGL-321,9781554810475,The Broadview Anthology of British Literature: The Restoration and the Eighteenth Century,"Joseph Laurence Black, Leonard Conolly, Kate Flint (Editors)"
ENGL-334,9780307277602,"Like You'd Understand, Anyway",Jim Shepard
ENGL-347,9780140422078,The Faerie Queene,Edmund Spenser
ENGL-347,9780415107280,Henry VIII and the English Reformation,David G Newcombe
ENGL-347,9780226504650,Elizabeth I: Collected Works,"Leah S. Marcus, Janel Mueller, Mary Beth Rose (Editors)"
ENGL-347,9780312542542,A Pocket Style Manual,"Diana Hacker, Nancy Sommers"
ENGL-347,9781904271598,The Tragedy of Mariam,Elizabeth Cary
ENGL-351,9780321886514,The Complete Works of Shakespeare,David Bevington
ENGL-355,9780822202035,Children of a Lesser God,Mark Medoff
ENGL-355,9780820321042,Running a Thousand Miles for Freedom,"William Craft, Ellen Craft"
ENGL-355,9781400032716,The Curious Incident of the Dog in the Night-Time,Mark Haddon
ENGL-355,9780743279789,Girls of Tender Age: A Memoir,Mary-Ann Tirone Smith
ENGL-355,9781416549017,Born On A Blue Day: Inside the Extraordinary Mind of an Autistic Savant,Daniel Tammet
ENGL-355,9780307474841,Precious,Sapphire
ENGL-355,9780061743528,To Kill a Mockingbird,Harper Lee
ENGL-355,9780807073315,Mean Little deaf Queer: A Memoir,Terry Galloway
ENGL-355,9780307740915,Home,Toni Morrison
ENGL-355,9780743236720,"Far From the Tree: Parents, Children and the Search for Identity",Andrew Solomon
ENGL-355,9781439164655,Left Neglected,Lisa Genova
ENGL-401,9780226472034,Critical Terms for Literary Study,"Frank Lentricchia, Thomas McLaughlin"
ENGL-401,9780393972856,The Selected Writings of Edgar Allan Poe,G.R. Thompson (Editor)
ENGL-401,9780312415204,The Critical Tradition: Classic Texts and Contemporary Trends,David H. Richter
ENGL-414,9780141439846,Dracula,Bram Stoker
ENGL-414,9780141439662,Sense and Sensibility,Jane Austen
ENGL-414,9780743477123,Hamlet,William Shakespeare
ENGL-414,9780141439556,Wuthering Heights,Emily Brontë
ENGL-414,9780451531490,"Le Morte D'Arthur: King Arthur and the Legends of the Round Table",Sir Thomas Malory
ENGL-468,9780316184137,The Complete Poems of Emily Dickinson,Thomas H. Johnson (Editor)
ENGL-468,9780674250703,Emily Dickinson: Selected Letters,Thomas H. Johnson (Editor)
ENGL-468,9780393974966,Leaves of Grass and Other Writings,Walt Whitman
ENGL-492,9780307277602,"Like You'd Understand, Anyway",Jim Shepard
ENGL-492,9781555975081,Burning Down the House: Essays on Fiction,Charles Baxter
ENGL-494,9780691014050,Erosion,Jorie Graham
ENGL-494,9781882295555,"Here, Bullet",Brian Turner
ENGL-494,9780374530969,Life Studies and For the Union Dead,Robert Lowell
ENGL-494,9781555975845,Life on Mars: Poems,Tracy K. Smith
ENGL-494,9780547571607,Thrall: Poems,Natasha Trethewey
ENGL-495,9781400030651,A Fine Balance,Rohinton Mistry
ENGL-495,9780812976533,"Midnight's Children",Salman Rushdie
ENGL-495,9780812979657,The God of Small Things: A Novel,Arundhati Roy
ENGL-498,9780226065663,The Craft of Research,"Wayne C. Booth, Gregory G. Colomb, Joseph M. Williams"
ENGL-801,9780226472034,Critical Terms for Literary Study,"Frank Lentricchia, Thomas McLaughlin"
ENGL-801,9780393972856,The Selected Writings of Edgar Allan Poe,G.R. Thompson (Editor)
ENGL-801,9780312415204,The Critical Tradition: Classic Texts and Contemporary Trends,David H. Richter
ENGL-814,9780141439846,Dracula,Bram Stoker
ENGL-814,9780141439662,Sense and Sensibility,Jane Austen
ENGL-814,9780743477123,Hamlet,William Shakespeare
ENGL-814,9780141439556,Wuthering Heights,Emily Brontë
ENGL-814,9780451531490,"Le Morte D'Arthur: King Arthur and the Legends of the Round Table",Sir Thomas Malory
ENGL-868,9780316184137,The Complete Poems of Emily Dickinson,Thomas H. Johnson (Editor)
ENGL-868,9780674250703,Emily Dickinson: Selected Letters,Thomas H. Johnson (Editor)
ENGL-868,9780393974966,Leaves of Grass and Other Writings,Walt Whitman
ENVS-112,9780393935189,Earth: Portrait of a Planet,Stephen Marshak
ENVS-286,9781589483354,GIS Tutorial 1: Basic Workbook,"Wilpen L. Gorr, Kristen S. Kurland"
ENVS-303,9781589482074,GIS Tutorial 3: Advanced Workbook,"David W. Allen,Jeffery M. Coffey"
ENVS-303,9781589483378,GIS Tutorial 2: Spatial Analysis Workbook,David W. Allen
ENVS-303,9781589483354,GIS Tutorial 1: Basic Workbook,"Wilpen L. Gorr, Kristen S. Kurland"
FREN-101,9780073386454,Deux mondes,"Tracy Terrell, Mary Rogers, Betsy Kerr, Guy Spielmann"
FREN-102,9780073386454,Deux mondes,"Tracy Terrell, Mary Rogers, Betsy Kerr, Guy Spielmann"
FREN-201,9781617670435,Imaginez,VHL (Editor)
FREN-202,9781617670435,Imaginez,VHL (Editor)
FREN-241,9782070368075,"Huis Clos,suivi de Les Mouches (Folio)",Jean-Paul Sartre
FREN-251,9780195062762,Anthologie De La Litterature Francaise: Des Origines a La Fin du Dix-Huitieme Siecle,Robert Leggewie
FREN-251,9782264003799,Le Roman De Tristan et Iseult,Joseph Bedier
FREN-251,9782035859167,Phèdre,Jean Racine
FREN-320,9780826416001,French Cinema: From Its Beginnings to the Present,Rémi Fournier Lanzoni
FREN-355,9782253011095,Vagabonde,Colette
FREN-355,9782253139416,Paris Au XX Siecle (Le Livre de Poche),Jules Verne
FREN-355,9782035861566,Les Fleurs du mal,Charles Baudelaire
FREN-355,9782868698704,Terminus nord: Roman (French Edition),Malika Wagner
FYSM-101,9780231064156,"Sources of Indian Tradition, Vol. 2: Modern India and Pakistan",Stephen Hay
FYSM-101,9780521484435,The Republic,Plato
FYSM-101,9780321333032,Threshold of Democracy: Athens in 403 B.C.,"Mark C. Carnes, Josiah Ober"
FYSM-101,9780321355850,Defining a Nation: India on the Eve of Independence 1945,"Ainslie Embree, Mark C. Carnes"
FYSM-107,9780060005696,The Paradox of Choice: Why More Is Less,Barry Schwartz
FYSM-107,9780674034945,Creating a Class: College Admissions and the Education of Elites,Mitchell L. Stevens
FYSM-107,9780807754047,Interviewing as Qualitative Research,Irving Seidman
FYSM-107,9780385349949,"Lean In: Women, Work, and the Will to Lead",Sheryl Sandberg
FYSM-115,9780743216760,The Measure of All Things: The Seven-Year Odyssey and Hidden Error That Transformed the World,Ken Alder
FYSM-115,9780140455113,The Republic,Plato
FYSM-115,9780199537501,Flatland,Edwin A. Abbott
FYSM-115,9780465018963,"The Unfinished Game: Pascal, Fermat, and the Seventeenth-Century Letter that Made the World Modern",Keith Devlin
FYSM-115,9781107604636,"A Mathematician's Apology",G. H. Hardy
FYSM-117,9780553375404,Ishmael: An Adventure of the Mind and Spirit,Daniel Quinn
FYSM-128,9780915144860,Second Treatise of Government,John Locke
FYSM-128,9780807043110,Silencing the Past: Power and the Production of History,Michel-Rolph Trouillot
FYSM-128,9780141439822,Robinson Crusoe,Daniel Defoe
FYSM-128,9780807050255,Villains of All Nations: Atlantic Pirates in the Golden Age,Marcus Rediker
FYSM-128,9781568588247,"Days of Destruction, Days of Revolt","Chris Hedges, Joe Sacco"
FYSM-128,9780199368990,The Slave Trade and the Origins of International Human Rights Law,Jenny S. Martinez
FYSM-134,9780061353246,Predictably Irrational,Dan Ariely
FYSM-136,9780915144433,On Liberty,John Stuart Mill
FYSM-136,9780679733874,The Republic,Plato
FYSM-136,9780226500447,The Prince,Niccolo Machiavelli
FYSM-136,9780691122946,On Bullshit,Harry G. Frankfurt
FYSM-146,9780743418171,Good in Bed,Jennifer Weiner
FYSM-146,9780826427885,"Celine Dion's Let's Talk About Love: A Journey to the End of Taste",Carl Wilson
FYSM-146,9780199577033,"Lady Audley's Secret","Mary Elizabeth Braddon, Lyn Pykett"
FYSM-146,9780393935844,They Say / I Say,"Gerald Graff, Cathy Birkenstein"
FYSM-146,9780142424179,The Fault in Our Stars,John Green
FYSM-158,9780870234354,Foreign Devils on the Silk Road,Peter Hopkirk
FYSM-158,9780609809648,Genghis Khan and the Making of the Modern World,Jack Weatherford
FYSM-158,9780195159318,The Silk Road: A New History,Valerie Hansen
FYSM-161,9780684859378,Ancient Encounters: Kennewick Man and the First Americans,James C. Chatters
FYSM-161,9780226036281,Bright Earth: Art and the Invention of Color,Philip Ball
FYSM-161,9780804749633,"Maps, Myths, and Men: The Story of the Vinland Map",Kirsten Seaver
FYSM-164,9780446671828,Emergence: Labeled Autistic,"Temple Grandin, Margaret M. Scariano"
FYSM-164,9781400032716,The Curious Incident of the Dog in the Night-Time,Mark Haddon
FYSM-164,9781416549017,Born On A Blue Day: Inside the Extraordinary Mind of an Autistic Savant,Daniel Tammet
FYSM-164,9780061136672,"Boy Alone: A Brother's Memoir",Karl Taro Greenfeld
FYSM-164,9780312601430,"A Writer's Reference","Diana Hacker, Nancy Sommers"
FYSM-164,9780415884990,Autism,Stuart Murray
FYSM-164,9780812994865,The Reason I Jump: The Inner Voice of a Thirteen-Year-Old Boy with Autism,Naoki Higashida
FYSM-164,9781439194157,"Carly's Voice: Breaking Through Autism","Arthur Fleischmann, Carly Fleischmann"
FYSM-164,9781477414422,Movement: A Short Story about Autism in the Future,Nancy Fulda
FYSM-164,9781439164693,Love Anthony,Lisa Genova
FYSM-164,9781931282826,A Rock and A Hard Place,Anne Sutcliffe
FYSM-174,9780547520230,"How to Cool the Planet: Geoengineering and the Audacious Quest to Fix Earth's Climate",Jeff Goodell
FYSM-174,9780521173155,Introduction to Modern Climate Change,Professor Andrew Dessler
FYSM-174,9780300189773,"The Climate Casino: Risk, Uncertainty, and Economics for a Warming World",William D. Nordhaus
FYSM-179,9780805061765,"A Gentle Madness: Bibliophiles, Bibliomanes, and the Eternal Passion for Books",Nicholas A. Basbanes
FYSM-179,9780670026470,"The Bookman's Tale",Charlie Lovett
FYSM-179,9781592408177,The Map Thief,Michael Blanding
FYSM-181,9780743235655,Shout!: The Beatles in Their Generation,Philip Norman
FYSM-181,9781556527333,"Revolution in the Head: The Beatles' Records and the Sixties",Ian MacDonald
FYSM-181,9780714859460,The Beatles: From the Cavern to the Rooftop,Allan Kozinn
FYSM-185,9780394758282,The Big Sleep,Raymond Chandler
FYSM-185,9780679722649,The Maltese Falcon,Dashiell Hammett
FYSM-185,9780679720409,A Rage in Harlem,Chester Himes
FYSM-185,9780440234760,Bitter Medicine,Sara Paretsky
FYSM-185,9780312353810,A is for Alibi,Sue Grafton
FYSM-190,9780140092332,Sweetness and Power: The Place of Sugar in Modern History,Sidney W. Mintz
FYSM-190,9780826318732,Que vivan los tamales!: Food and the Making of Mexican Identity,Jeffrey M. Pilcher
FYSM-190,9780275980924,The Columbian Exchange: Biological and Cultural Consequences of 1492,Alfred W. Crosby Jr.
FYSM-190,9780801476327,"Sacred Gifts, Profane Pleasures: A History of Tobacco and Chocolate in the Atlantic World",Marcy Norton
FYSM-190,9780465018369,Uncommon Grounds: The History of Coffee and How It Transformed Our World,Mark Pendergrast
FYSM-190,9780674283961,The Mortal Sea: Fishing the Atlantic in the Age of Sail,W. Jeffrey Bolster
FYSM-190,9780857854131,The Food History Reader: Primary Sources,Ken Albala
FYSM-195,9780684813219,Achilles in Vietnam: Combat Trauma and the Undoing of Character,Jonathan Shay
FYSM-195,9780415974103,Critical Theory Today: A User-Friendly Guide,Lois Tyson
FYSM-195,9780199925865,The Iliad,Homer
FYSM-195,9780199760275,The Trojan War: A Very Short Introduction,Eric H. Cline
FYSM-199,9780801489204,"Rum and Axes: The Rise of a Connecticut Merchant Family, 1795-1850", Janet Siskind
FYSM-199,9780385721493,The Ordeal of Elizabeth Marsh: A Woman in World History,Linda Colley
FYSM-199,9780300136050,Oceans of Wine: Madeira and the Emergence of American Trade and Taste,David Hancock
FYSM-204,9780679721109,Madness and Civilization: A History of Insanity in the Age of Reason,Michel Foucault
FYSM-204,9780156628709,Mrs. Dalloway,Virginia Woolf
FYSM-204,9780486298573,The Yellow Wallpaper and Other Stories,Charlotte Perkins Gilman
FYSM-204,9780316290234,The Collector,John Fowles
FYSM-204,9780451526922,Hamlet,William Shakespeare
FYSM-204,9780451527714,Frankenstein: Or the Modern Prometheus,Mary Shelley
FYSM-204,9780143039976,We Have Always Lived in the Castle,Shirley Jackson
FYSM-204,9780199536979,Sherlock Holmes: Selected Stories,Arthur Conan Doyle
FYSM-204,9781598530568,Edgar Allan Poe: Selected Tales,Diane Johnson (Editor)
FYSM-204,9780141441351,The Turn of the Screw,Henry James
FYSM-204,9780393932348,Alice in Wonderland,Lewis Carroll
FYSM-209,9780805211061,The Castle,Franz Kafka
FYSM-209,9781590170571,The Invention of Morel,Adolfo Bioy Casares
FYSM-209,9780062290700,"The Question Concerning Technology, and Other Essays",Martin Heidegger
FYSM-209,9780939682065,The Society of the Spectacle,Guy Debord
FYSM-212,9780312425791,"Can't Stop Won't Stop: A History of the Hip-Hop Generation",Jeff Chang
FYSM-215,9781118615799,Heart of Mathematics,"Edward B. Burger, Michael Starbird"
FYSM-219,9780671792251,Class: A Guide Through the American Status System,Paul Fussell
FYSM-219,9780674034945,Creating a Class: College Admissions and the Education of Elites,Mitchell L. Stevens
FYSM-219,9781884519017,Occupy,Noam Chomsky
FYSM-219,9780691156231,"Privilege: The Making of an Adolescent Elite at St. Paul's School",Shamus Rahman Khan
FYSM-219,9780143124061,Plutocrats: The Rise of the New Global Super-Rich and the Fall of Everyone Else,Chrystia Freeland
FYSM-219,9780812983630,The Divide: American Injustice in the Age of the Wealth Gap,Matt Taibbi
FYSM-233,9780745649665,Race: A Philosophical Introduction,Paul C. Taylor
FYSM-237,9780679746140,Virtually Normal,Andrew Sullivan
FYSM-237,9780465083619,Why Are All the Black Kids Sitting Together in the Cafeteria,Beverly Daniel Tatum
FYSM-237,9781592133802,Equal Play: Title IX and Social Change,"Nancy Hogshead-Makar, Andrew Zimbalist"
FYSM-237,9780470491409,"Microaggressions in Everyday Life: Race, Gender, and Sexual Orientation",Derald Wing Sue
FYSM-237,9780804170390,The Laramie Project and The Laramie Project: Ten Years Later,Moises Kaufman
FYSM-237,9780375727191,The Laramie Project,Moises Kaufman
FYSM-242,9780140154030,The Eyes on the Prize Civil Rights Reader,"Clayborne Carson, David J. Garrow, Gerald Gill, Vincent Harding, Darlene Clark Hine (Editors)"
FYSM-242,9780878054749,The River of No Return: The Autobiography of a Black Militant and the Life and Death of SNCC,"Cleveland Sellers, Robert Terrell"
FYSM-242,9780553380019,I Know Why the Caged Bird Sings,Maya Angelou
FYSM-242,9780156007085,Walking with the Wind: A Memoir of the Movement,"John Lewis, Michael D'Orso"
FYSM-242,9780789206565,"The Civil Rights Movement: A Photographic History, 1954-68",Steven Kasher
FYSM-242,9780870206788,Risking Everything: A Freedom Summer Reader,Michael Edmonds
FYSM-242,9781938890024,Letters from Mississippi: Reports from Civil Rights Volunteers & Poetry of the 1964 Freedom Summer,Elizabeth Martínez (Editor)
GDST-121,9780060786847,HarperCollins Study Bible,Society of Biblical Literature
GDST-121,9780199757534,The New Testament: A Historical Introduction to the Early Christian Writings,Bart D. Ehrman
GDST-121,9780691140124,"The Book of 'Genesis': A Biography",Ronald Hendel
GDST-121,9780192854513,Paul: A Very Short Introduction,E. P. Sanders
GDST-211,9780872204201,Discourse on Method and Meditations on First Philosophy,Rene Descartes
GDST-211,9780801485749,Four Texts on Socrates,"Plato, Aristophanes"
GDST-211,9780375757990,The Basic Works of Aristotle,Richard McKeon (Editor)
GDST-211,9780375757334,Basic Writings of Kant,Allen W. Wood (Editor)
GDST-211,9780375759895,Basic Writings of Existentialism,Gordon Marino
GDST-211,9781590171455,War and the Iliad,"Simone Weil, Rachel Bespaloff"
GDST-219,9780872203525,Iliad,Homer
GDST-219,9780872204843,Odyssey,Homer
GDST-219,9780872207318,Aeneid,P. Vergilius Maro
GDST-219,9780872207639,"Four Tragedies: Ajax, Women of Trachis, Electra, Philoctetes",Sophocles
GDST-219,9780195388671,The Complete Euripides: Volume I,"Peter Burian, Alan Shapiro (Editors)"
GDST-219,9780195388718,The Complete Euripides: Volume V,"Peter Burian, Alan Shapiro (Editors)"
GDST-243,9780553210163,Hard Times,Charles Dickens
GDST-243,9780553211665,Candide,Voltaire
GDST-243,9780915144433,On Liberty,John Stuart Mill
GDST-243,9780140442014,The Social Contract,Jean-Jacques Rousseau
GDST-243,9780385092104,The Birth of Tragedy & The Genealogy of Morals,Friedrich Nietzsche
GDST-243,9780553214062,The Communist Manifesto,"Karl Marx, Friedrich Engels"
GDST-243,9780684826806,Survival In Auschwitz,Primo Levi
GDST-243,9780451529695,Fathers and Sons,Ivan Turgenev
GDST-243,9780449911495,All Quiet on the Western Front,Erich Maria Remarque
GDST-243,9781416540267,Darkness at Noon,Arthur Koestler
GDST-243,9780073106922,A History of the Modern World,"R. R. Palmer, Joel Colton,Lloyd Kramer"
GDST-253,9780385031141,"Goethe's Faust",Johann Wolfgang Von Goethe
GDST-253,9780140437874,Heartbreak House,George Bernard Shaw
GDST-253,9780553211665,Candide,Voltaire
GDST-253,9780679722069,Death in Venice: And Seven Other Stories,Thomas Mann
GDST-253,9780679734505,Crime and Punishment,Fyodor Dostoevsky
GDST-253,9780486281223,The Marriage of Heaven and Hell: A Facsimile in Full Color,William Blake
GDST-253,9780684826806,Survival In Auschwitz,Primo Levi
GDST-253,9780472084104,"The History of Mary Prince, A West Indian Slave",Moira Ferguson
GDST-253,9780393975604,Hard Times,Charles Dickens
GDST-253,9780141439471,Frankenstein,Mary Shelley
GDST-253,9780486426860,Peer Gynt,Henrik Ibsen
GDST-253,9780449911495,All Quiet on the Western Front,Erich Maria Remarque
GDST-253,9780451530226,"Four Major Plays, Volume I",Henrik Ibsen
GDST-253,9780199535569,Pride and Prejudice,Jane Austen
GDST-253,9780199583027,The Sorrows of Young Werther,Johann Wolfgang von Goethe
GDST-253,9780394703695,The Birth of Tragedy and The Case of Wagner,Friedrich Nietzsche
GREK-102,9780300167726,Learn to Read Greek: Part 2,"Andrew Keller, Stephanie Russell"
GRMN-201,9781111699086,Bundle: Stationen,"Prisca Augustyn, Nikolaus Euba"
HEBR-101,9781584654599,Brandeis Modern Hebrew,"Vardit Ringvald, Bonit Porath,Yaron Peleg,Esther Shorr"
HISP-201,9781259278945,Punto y Aparte,"Sharon Foerster, Anne Lambright"
HISP-221,9780205696758,Spanish Composition Through Literature ,"Cándido Ayllón, Paul C. Smith, Antonio Morillo"
HISP-221,9781400034956,Crónica de una muerte anunciada,Gabriel García Márquez
HISP-224,9780470633991,Conversaciones escritas: Lectura y redaccin en contexto,Kim Potowski
HISP-261,9788437608518,Naufragios,Álvar Núñez Cabeza de Vaca
HISP-261,9788420635873,Los cuatro viajes. Testamento,Cristóbal Colón
HISP-261,9788437603315,Diálogo de la Lengua,Juan de Valdés
HISP-261,9781589770577,Novelas ejemplares y amorosas and Desengaños amorosos,María de Zayas y Sotomayor
HISP-261,9780307475411,Don Quijote de la Mancha,Miguel de Cervantes Saavedra
HISP-261,9780307475749,Lazarillo de Tormes,Anonymous
HISP-263,9788437608518,Naufragios,Álvar Núñez Cabeza de Vaca
HISP-263,9781111837921,Voces de Hispanoamerica,"Raquel Chang-Rodriguez, Malva E. Filer"
HISP-335,9789707704718,La Gruta del Toscano,Ignacio Padilla
HISP-335,9788478889402,Budapest (Spanish Edition),Chico Buarque
HISP-335,9788433971906,Una luna,Martin Caparros
HISP-335,9789871156511,Lord,"Joao Gilberto Noll, Fabian Lebenglik (Editors)"
HISP-335,9789876281232,Nueve Noches,Carvalho Bernardo
HISP-335,9789500515696,Stella Manhattan,Silviano Santiago
